iter	MultiClass
0	0.4943573788
1	0.3072190192
2	0.2056615234
3	0.1452125356
4	0.1065746562
5	0.08316382184
6	0.06707838497
7	0.05473513662
8	0.04545679654
9	0.04171234791
