iter	MultiClass
0	0.5047758755
1	0.314547671
2	0.2086165691
3	0.1533686072
4	0.1166179171
5	0.09667637136
6	0.08039435942
7	0.07160391363
8	0.06317537735
9	0.05805883908
