iter	MultiClass
0	0.4925810986
1	0.3090365935
2	0.2050770253
3	0.1492030578
4	0.1085426552
5	0.08306980993
6	0.0661222108
7	0.05472609136
8	0.04479714409
9	0.03924947692
